ubicacion;entidad;codigoAlfanumerico;speakerType;Type;FWVersion;HWVersion;misc;serial;fecha;centroDeCosto;proveedor
BENCH THRA01;Amplifier;TAU93;;11;;?;;;;01 - IS Exterior;Honda
BENCH THRA01;Harness;THRA;;TBD;;?;;;;01 - IS Exterior;Honda
BENCH THRA01;Speakers ID And Type:;NA01;17CM,9CM;TBD;;?;;;;01 - IS Exterior;Honda
BENCH THRA01;Center Display;CTRDSP184;;TBD;;dan1;;;;01 - IS Exterior;Honda
BENCH THRA01;Meter;MTR128;;TBD;;dan0;;;;01 - IS Exterior;Honda
BENCH THRA01;Front control box;FCB331;;4GB,64GB;;dan1;;8000116;;01 - IS Exterior;Honda
BENCH THRA02;Amplifier;TAU75;;TBD;;?;;;;01 - IS Exterior;Honda
BENCH THRA02;Meter;MTR197;;TBD;;?;;;;01 - IS Exterior;Honda
BENCH THRA02;Center Display;CTRDSP190;;TBD;;?;;;;01 - IS Exterior;Honda
BENCH THRA02;Speakers ID And Type:;NA02;17CM,9CM;TBD;;?;;;;01 - IS Exterior;Honda
BENCH THRA02;Front Control Box;FCB330;;2GB,32GB;;dan1;;8000199;;01 - IS Exterior;Honda
BENCH VALIDATION;Amplifier;AMP537;;;HH.23.185.194.01;dan0;MISSING;;;01 - IS Exterior;Honda
BENCH02;Speakers ID And Type:;NA03;9CM;TBD;;?;;;;01 - IS Exterior;Honda
BENCH01;Touchpad;TP383;;TBD;;dan1;;;;01 - IS Exterior;Honda
BENCH01;Center Display;CTRDSP690;;TBD;;dan0;;;;01 - IS Exterior;Honda
BENCH01;Mic;IMIC07;;TBD;;?;;;;01 - IS Exterior;Honda
BENCH01;Front Control Box;FCB755;;4GB,64GB;;dan0;;58000129;;01 - IS Exterior;Honda
BENCH02;Most2Go;M2G38;;TBD;;?;;;;01 - IS Exterior;Honda
BENCH05;Speakers ID And Type:;NA04;SPKR9T041, 044, SPKR9CM001,17CM009, 17CM016;TBD;;?;;;;01 - IS Exterior;Honda
BENCH02;Touchpad;TP376;;TBD;;dan1;;;;01 - IS Exterior;Honda
BENCH02;Center Display;CTRDSP691;;TBD;;dan0;;;;01 - IS Exterior;Honda
BENCH02;Front control box;FCB958;;4GB,64GB;;DAN0;;58000470;;01 - IS Exterior;Honda
BENCH03;Most2Go;M2G44;;TBD;;?;;;;01 - IS Exterior;Honda
BENCH03;Touchpad;TP136;;TBD;;dan1;;;;01 - IS Exterior;Honda
BENCH03;Center Display;CTRDSP540;;TBD;;dan0;;;;01 - IS Exterior;Honda
BENCH03;Front control box;FCB954;;2GB,32GB;;dan0;;65000009;;01 - IS Exterior;Honda
BENCH04;Most2Go;M2G35;;TBD;;?;;;;01 - IS Exterior;Honda
BENCH04;Touchpad;TP381;;TBD;;DV, TJBA;;;;01 - IS Exterior;Honda
BENCH04;Center Display;CTRDSP534;;TBD;;dan0;;;;01 - IS Exterior;Honda
BENCH04;Front control box;FCB408;;4GB,64GB;;DV, TJBA;;52000051;;01 - IS Exterior;Honda
BENCH05;Front control box;FCB959;;4GB,64GB;;dan0;;62000015;;01 - IS Exterior;Honda
BENCH05;Amplifier;AMP518;;12;;dan0;;;;01 - IS Exterior;Honda
BENCH05;Mocca;1602100128;;TBD;;?;;;;01 - IS Exterior;Honda
BENCH05;Harness;32892-TJBA;;TJBA;;?;;;;01 - IS Exterior;Honda
BENCH05;Roof Antenna;SFA135;;TBD;;?;;;;01 - IS Exterior;Honda
BENCH06;Speakers ID And Type:;NA05;9CM=5,17CM;TBD;;?;;;;01 - IS Exterior;Honda
BENCH05;Remote Tuner;RT218;;TBD;;DV, TJBA;;;;01 - IS Exterior;Honda
BENCH05;Touchpad;TP380;;TBD;C809A461;?;;;;01 - IS Exterior;Honda
BENCH05;Center Display;CTRDSP493;;TBD;;?;;;;01 - IS Exterior;Honda
BENCH05;Meter;MTR377;;TBD;;?;;;;01 - IS Exterior;Honda
BENCH05;Center Display;CTDRSP295;;TBD;;TJBA;PANASONIC;;;01 - IS Exterior;Honda
BENCH06;Most2Go;M2G51;;TBD;;?;;;;01 - IS Exterior;Honda
BENCH06;Touchpad;TP128;;TBD;;DV;;;;01 - IS Exterior;Honda
BENCH06;GPS Antenna ID:;GPS31;;TBD;;?;;;;01 - IS Exterior;Honda
BENCH08;Speakers ID And Type:;NA06;SPKR9T035, 028, 001, 039, 005, 32, SPKR17CM020;TBD;;?;;;;01 - IS Exterior;Honda
BENCH06;Center Display;CTRDSP682;;TBD;;dan0;;;;01 - IS Exterior;Honda
BENCH06;Front control box;FCB353;;4GB,64GB;;DV, TJBA;;47000008;;01 - IS Exterior;Honda
BENCH06;Amplifier;AMP511;;12;;dan0;;;;01 - IS Exterior;Honda
BENCH06;Mic;IMIC15,IMIC17;;;;?;;;;01 - IS Exterior;Honda
BENCH06;Remote Tuner;RT508;;TBD;;dan0;;;;01 - IS Exterior;Honda
BENCH07;Most2Go;M2G40;;TBD;;?;;;;01 - IS Exterior;Honda
BENCH07;Touchpad;TP39;;TBD;;TJBA;;;;01 - IS Exterior;Honda
BENCH07;Center Display;CTRDSP671;;TBD;;dan0;;;;01 - IS Exterior;Honda
BENCH07;Front control box;FCB960;;4GB,64GB;;dan0;;58000442;;01 - IS Exterior;Honda
BENCH08;Amplifier;AMP233;;16;;1S,TJBA;1S;;;01 - IS Exterior;Honda
BENCH08;Mic;MIC003;;TBD;;?;;;;01 - IS Exterior;Honda
BENCH08;Roof Antenna;SFA118;;TBD;;?;;;;01 - IS Exterior;Honda
BENCH10;Speakers ID And Type:;NA07;9CM=2,17CM;TBD;;?;;;;01 - IS Exterior;Honda
BENCH08;Touchpad;TP100;;TBD;;DV, TJBA;;;;01 - IS Exterior;Honda
BENCH08;Hud;HUD059;;N/A;;?;;;;01 - IS Exterior;Honda
BENCH08;Center Display;CTRDSP686;;TBD;;dan0;;;;01 - IS Exterior;Honda
BENCH08;Meter;MTR368;;TBD;GP:  VP: ;dan0;;;;01 - IS Exterior;Honda
BENCH08;Remote Tuner;RT379;;TBD;;dan0;;;;01 - IS Exterior;Honda
BENCH08;Front control box;FCB745;;4GB,64GB;;DV, TJBA;;58000126;;01 - IS Exterior;Honda
BENCH08;Steering Wheel Controls;AST235-CST92-CSS009;;TBD;;?;;;;01 - IS Exterior;Honda
BENCH10;Amplifier;AMP516;;16;;dan0;;;;01 - IS Exterior;Honda
BENCH11;Speakers ID And Type:;NA08;SPKR17CM005, 003, SPKR9T048;TBD;;?;;;;01 - IS Exterior;Honda
BENCH10;Touchpad;TP44;;TBD;;TJBA;;;;01 - IS Exterior;Honda
BENCH10;Roof Antenna;SFA140;;TBD;;MP;;;;01 - IS Exterior;Honda
BENCH10;Mocca;1608080456;;TBD;;N/A;;;;01 - IS Exterior;Honda
BENCH10;Center Display;CTRDSP494;;TBD;;dan0;;;;01 - IS Exterior;Honda
BENCH10;Remote Tuner;RT484;;TBD;;dan0;;;;01 - IS Exterior;Honda
BENCH10;Meter;MTR448;;TBD;GP:  VP: ;dan0;;;;01 - IS Exterior;Honda
BENCH10;Front Control Box;FCB891;;2GB,32GB;;dan0;;80000024;;01 - IS Exterior;Honda
BENCH11;Amplifier;AMP271;;11;;TJBA,db;;;;01 - IS Exterior;Honda
BENCH11;Mocca;1608080533;;TBD;;?;;;;01 - IS Exterior;Honda
BENCH11;Mic;MIC010;;TBD;;?;;;;01 - IS Exterior;Honda
BENCH11;Roof Antenna;SFA126;;TBD;;?;;;;01 - IS Exterior;Honda
BENCH13;Speakers ID And Type:;NA09;SPKR9T006,0020, 17CMXX;TBD;;?;;;;01 - IS Exterior;Honda
BENCH11;TCU;TCU261;;TBD;;QC;;;;01 - IS Exterior;Honda
BENCH11;Touchpad;TP131;;TBD;;DV;;;;01 - IS Exterior;Honda
BENCH11;Center Display;CTRDSP664;;TBD;;DAN0;;;;01 - IS Exterior;Honda
BENCH11;Meter;MTR672;;TBD;GP:  VP: ;dan0;;;;01 - IS Exterior;Honda
BENCH11;Remote Tuner;RT216;;TBD;;DV, TJBA;;;;01 - IS Exterior;Honda
BENCH11;Front control box;FCB434;;2GB,32GB;;DV, TJBA;;53000017;;01 - IS Exterior;Honda
BENCH13;Amplifier;AMP536;;TBD;;dan0;;;;01 - IS Exterior;Honda
BENCH13;Mocca;1602100143;;TBD;;?;;;;01 - IS Exterior;Honda
BENCH13;Hud;HUD074;;N/A;;DAN0;;;;01 - IS Exterior;Honda
BENCH13;Mic;MIC018;;TBD;;?;;;;01 - IS Exterior;Honda
BENCH14;Speakers ID And Type:;NA10;SPKR17CM001, 9CM002;TBD;;?;;;;01 - IS Exterior;Honda
BENCH13;Touchpad;TP349;;TBD;;DAN0;;;;01 - IS Exterior;Honda
BENCH13;Center Display;CTRDSP669;;TBD;;dan0;;;;01 - IS Exterior;Honda
BENCH13;Meter;MTR641;;TBD;;dan0;;;;01 - IS Exterior;Honda
BENCH13;Remote Tuner;RT287;;TBD;;dan0;;;;01 - IS Exterior;Honda
BENCH13;Front control box;FCB961;;4GB,64GB;;dan0;;58000540;;01 - IS Exterior;Honda
BENCH14;Amplifier;AMP533;;TBD;;dan0;;;;01 - IS Exterior;Honda
BENCH14;Most2Go;M2G57;;TBD;;?;;;;01 - IS Exterior;Honda
BENCH15;Speakers ID And Type:;NA11;"SPKR17CM024, SPKR9T033	, SPKR9T022,17CM,9CM";TBD;;?;;;;01 - IS Exterior;Honda
BENCH14;Touchpad;TP353;;TBD;;?;;;;01 - IS Exterior;Honda
BENCH14;Mocca;1608080459;;TBD;;?;;;;01 - IS Exterior;Honda
BENCH14;Center Display;CTRDSP492;;TBD;;dan0;;;;01 - IS Exterior;Honda
BENCH14;Remote Tuner;RT192;;TBD;;DV, TJBA;;;;01 - IS Exterior;Honda
BENCH14;Front Control Box;FCB424;;2GB,32GB;;DV, TJBA;;52000044;;01 - IS Exterior;Honda
BENCH15;Amplifier;AMP514;;16;;dan0,MP;;;;01 - IS Exterior;Honda
BENCH15;Mocca;1602100194;;TBD;;?;;;;01 - IS Exterior;Honda
BENCH15;Steering Wheel Controls;AST270-CST97-CSS006;;TBD;;?;;;;01 - IS Exterior;Honda
BENCH15;Harness;HARNESS021;;TBD;;?;;;;01 - IS Exterior;Honda
BENCH15;Mic;MIC011 ;;TBD;;?;;;;01 - IS Exterior;Honda
BENCH15;Roof Antenna;SFA90;;TBD;;?;;;;01 - IS Exterior;Honda
BENCH16;Speakers ID And Type:;NA12;SPKR9T037, 9T010, 9CM,9T043, 9T004, 17CM004;TBD;;?;;;;01 - IS Exterior;Honda
BENCH15;TCU;TCU434;;TBD;;?;;;;01 - IS Exterior;Honda
BENCH15;Touchpad;TP70;;TBD;;?;;;;01 - IS Exterior;Honda
BENCH17;Speakers ID And Type:;NA13;9CM=3,17CM,5CM;TBD;;?;;;;01 - IS Exterior;Honda
BENCH15;Vol Control;VOL054;;TBD;;?;;;;01 - IS Exterior;Honda
BENCH15;Center Display;CTRDSP684;;TBD;;dan0;;;;01 - IS Exterior;Honda
BENCH15;Remote Tuner;RT205;;TBD;;DV, TJBA;;;;01 - IS Exterior;Honda
BENCH15;Front control box;FCB425;;2GB,32GB;;DV, TJBA;;52000031;;01 - IS Exterior;Honda
BENCH15;AUXIN;NA45;;TBD;;?;;;;01 - IS Exterior;Honda
BENCH16;Steering Wheel Controls;AST387-CST187;;TBD;;?;;;;01 - IS Exterior;Honda
BENCH16;Amplifier;AMP542;;16;;dan0;;;;01 - IS Exterior;Honda
BENCH16;Mic;MIC015;;TBD;;?;;;;01 - IS Exterior;Honda
BENCH16;Roof Antenna;SFA96;;TBD;;?;;;;01 - IS Exterior;Honda
BENCH18;Speakers ID And Type:;NA14;SPKR9T052, 9T049, 9T053, SPKR17CM030;TBD;;?;;;;01 - IS Exterior;Honda
BENCH16;Touchpad;TP152;;TBD;;TJBA;;;;01 - IS Exterior;Honda
BENCH16;Vol Control;VOL055;;TBD;;?;;;;01 - IS Exterior;Honda
BENCH16;Center Display;CTRDSP551;;TBD;;dan0;;;;01 - IS Exterior;Honda
BENCH16;Remote Tuner;RT83;;TBD;;dan0;;;;01 - IS Exterior;Honda
BENCH16;Meter;MTR646;;TBD;GP:  VP: ;dan0;;;;01 - IS Exterior;Honda
BENCH16;Front control box;FCB952;;4GB,64GB;;dan0;;58000513;;01 - IS Exterior;Honda
BENCH17;Amplifier;AMP606;;16;;dan1;;;;01 - IS Exterior;Honda
BENCH17;Mocca;1408150131;;TBD;;?;;;;01 - IS Exterior;Honda
BENCH17;Touchpad;TP348;;TBD;;TJBA;;;;01 - IS Exterior;Honda
BENCH17;Roof Antenna;SFA70;;TBD;;?;;;;01 - IS Exterior;Honda
BENCH19;Speakers ID And Type:;NA15;SPKR9T038, 9T034, SPKR17CM012, 17CM008,9CM;TBD;;?;;;;01 - IS Exterior;Honda
BENCH17;Center Display;CTRDSP536;;TBD;;dan0;;;;01 - IS Exterior;Honda
BENCH17;Meter;MTR650;;TBD;;0x2;;;;01 - IS Exterior;Honda
BENCH17;Remote Tuner;RT497;;TBD;;dan0;;;;01 - IS Exterior;Honda
BENCH17;Front control box;FCB351;;2GB,64GB;;DV, TJBA;;47000025;;01 - IS Exterior;Honda
BENCH18;Amplifier;AMP515;;16;;dan0,MP;;;;01 - IS Exterior;Honda
BENCH18;Touchpad;TP57;;TBD;;?;;;;01 - IS Exterior;Honda
BENCH18;Harness;19;;TBD;;?;;;;01 - IS Exterior;Honda
BENCH18;Mocca;1602100141;;TBD;;?;;;;01 - IS Exterior;Honda
BENCH18;GPS Antenna ID:;GPS30;;TBD;;?;;;;01 - IS Exterior;Honda
BENCH18;Mic;MIC001;;TBD;;?;;;;01 - IS Exterior;Honda
BENCH18;Roof Antenna;SFA99;;TBD;;?;;;;01 - IS Exterior;Honda
BENCH21;Speakers ID And Type:;NA16;SPKR17CM010, SPKR9T003;TBD;;?;;;;01 - IS Exterior;Honda
BENCH18;Vol Control;VOL007;;TBD;;?;;;;01 - IS Exterior;Honda
BENCH18;Center Display;CTRDSP745;;TBD;;dan1;;;;01 - IS Exterior;Honda
BENCH18;Meter;MTR375;;TBD;GP:  VP: ;dan0;;;;01 - IS Exterior;Honda
BENCH18;Remote Tuner;RT232;;TBD;;1s,TJBA;;;;01 - IS Exterior;Honda
BENCH18;Front control box;FCB440;;2GB,32GB;;DV, TJBA;;53000004;;01 - IS Exterior;Honda
BENCH19;Amplifier;AMP441;;16;;dan0;;;;01 - IS Exterior;Honda
BENCH19;Harness;24;;TBD;;?;;;;01 - IS Exterior;Honda
BENCH19;Mocca;1602100144;;TBD;;?;;;;01 - IS Exterior;Honda
BENCH19;Steering Wheel Controls;CST34, AST199;;TBD;;?;;;;01 - IS Exterior;Honda
BENCH19;Hud;HUD070;;N/A;;?;;;;01 - IS Exterior;Honda
BENCH19;Mic;MIC23;;TBD;;?;;;;01 - IS Exterior;Honda
BENCH19;Roof Antenna;SFA121;;TBD;;?;;;;01 - IS Exterior;Honda
BENCH22;Speakers ID And Type:;NA17;9cm=2,17cm=2;TBD;;?;;;;01 - IS Exterior;Honda
BENCH24 VALIDATION;Speakers ID And Type:;NA18;SPKR17CM007, SPKR9T047, 9T051;TBD;;?;;;;01 - IS Exterior;Honda
BENCH19;Center Display;CTRDSP670;;TBD;;dan0;;;;01 - IS Exterior;Honda
BENCH19;Meter;MTR366;;TBD;GP:  VP: ;dan0;;;;01 - IS Exterior;Honda
BENCH19;Remote Tuner;RT219;;TBD;;DV, TJBA;;;;01 - IS Exterior;Honda
BENCH19;Front control box;FCB962;;2GB,64GB;;dan0;;65000008;;01 - IS Exterior;Honda
BENCH20;Amplifier;AMP272;;11;;TJBA,db;;;;01 - IS Exterior;Honda
BENCH20;Harness;A000;;TBD;;?;;;;01 - IS Exterior;Honda
BENCH20;Most2Go;M2G56;;TBD;;?;;;;01 - IS Exterior;Honda
BENCH20;Touchpad;TP56;;TBD;;TJBA;;;;01 - IS Exterior;Honda
BENCH20;Mocca;1608080460;;TBD;;?;;;;01 - IS Exterior;Honda
BENCH20;Roof Antenna;SFA138;;TBD;;?;;;;01 - IS Exterior;Honda
BENCH20;Center Display;CTRDSP537;;TBD;;dan0;;;;01 - IS Exterior;Honda
BENCH20;Remote Tuner;RT396;;TBD;;dan0;;;;01 - IS Exterior;Honda
BENCH20;Front control box;FCB453;;2GB,64GB;;DV, TJBA;;56000079;;01 - IS Exterior;Honda
BENCH21;Amplifier;AMP244;;11;;1S,TJBA;;;;01 - IS Exterior;Honda
BENCH21;Most2Go;M2G59;;TBD;;?;;;;01 - IS Exterior;Honda
BENCH25;Speakers ID And Type:;NA19;SPKR09CM013,9CM;TBD;;?;;;;01 - IS Exterior;Honda
BENCH21;Touchpad;TP233;;TBD;;?;;;;01 - IS Exterior;Honda
BENCH21;Roof Antenna;SFA79;;TBD;;MP;;;;01 - IS Exterior;Honda
BENCH21;Center Display;CTRDSP668;;TBD;;dan0;;;;01 - IS Exterior;Honda
BENCH21;Remote Tuner;RT493;;TBD;;dan0;;;;01 - IS Exterior;Honda
BENCH21;Front control box;FCB454;;2GB,64GB;;DV, TJBA;;56000081;;01 - IS Exterior;Honda
BENCH22;Amplifier;AMP510;;TBD;;dan0;;;;01 - IS Exterior;Honda
BENCH22;Mocca;14008150130;;TBD;;?;;;;01 - IS Exterior;Honda
BENCH22;Most2Go;M2G48;;TBD;;?;;;;01 - IS Exterior;Honda
BENCH22;Roof Antenna;SFA112;;TBD;;?;;;;01 - IS Exterior;Honda
BENCH22;Touchpad;TP185;;TBD;;?;;;;01 - IS Exterior;Honda
BENCH22;Mic;MIC021,IMIC20;;TBD;;?;;;;01 - IS Exterior;Honda
BENCH29;Speakers ID And Type:;NA20;SPKR17CM026, SPKR9T056, SPKR9T026, TW010;TBD;;?;;;;01 - IS Exterior;Honda
BENCH22;Center Display;CTRDSP538;;TBD;;dan0;;;;01 - IS Exterior;Honda
BENCH22;Remote Tuner;RT194;;TBD;;DV, TJBA;;;;01 - IS Exterior;Honda
BENCH22;Front control box;FCB356;;2GB,64GB;;DV, TJBA;;47000028;;01 - IS Exterior;Honda
BENCH23;Front control box;FCB352;;2GB,32GB;;DV, TJBA;;47000039;;01 - IS Exterior;Honda
BENCH23;Amplifier;AMP509;;16;;dan0;;;;01 - IS Exterior;Honda
BENCH23;Harness;28;;TBD;;?;;;;01 - IS Exterior;Honda
BENCH23;Roof Antenna;SFA109;;TBD;;?;;;;01 - IS Exterior;Honda
BENCH23;Most2Go;M2G58;;TBD;;?;;;;01 - IS Exterior;Honda
BENCH23;Speakers ID And Type:;SPKR9T012,SPKR9T065,SPKR9T019,;;TBD;;?;;;;01 - IS Exterior;Honda
BENCH23;Touchpad;TP96;;TBD;;DV, TJBA;;;;01 - IS Exterior;Honda
BENCH23;Center Display;CTRDSP543;;TBD;;dan0;;;;01 - IS Exterior;Honda
BENCH23;Remote Tuner;RT211;;TBD;;DV, TJBA;;;;01 - IS Exterior;Honda
BENCH24 VALIDATION;Amplifier;AMP512;;TBD;;MP;;;;01 - IS Exterior;Honda
BENCH24 VALIDATION;AUXIN;NA46;;TBD;;N/A;;;;01 - IS Exterior;Honda
BENCH24 VALIDATION;Center Display;CTRDSP678;;TBD;;dan0;;;;01 - IS Exterior;Honda
BENCH24 VALIDATION;Harness;25;;TBD;;?;;;;01 - IS Exterior;Honda
BENCH24 VALIDATION;Hud;HUD058;;N/A;;?;;;;01 - IS Exterior;Honda
BENCH24 VALIDATION;Meter;MTR373;;TBD;GP:  VP: ;dan0;;;;01 - IS Exterior;Honda
BENCH24 VALIDATION;Remote Tuner;RT231;;TBD;;dan0;;;;01 - IS Exterior;Honda
BENCH24 VALIDATION;Roof Antenna;SFA93;;TBD;;?;;;;01 - IS Exterior;Honda
BENCH30;Speakers ID And Type:;NA21;SPKRT009,17CM;TBD;;?;;;;01 - IS Exterior;Honda
BENCH24 VALIDATION;TCU;TCU262;;TBD;;?;;;;01 - IS Exterior;Honda
BENCH24 VALIDATION;Touchpad;TP101;;TBD;;DV, TJBA;;;;01 - IS Exterior;Honda
BENCH24 VALIDATION;Front Control Box;FCB1071;;4GB,64GB;;QC;;1495;;01 - IS Exterior;Honda
BENCH24 VALIDATION;Steering Wheel Controls;AST228-CST292;;TBD;;?;;;;01 - IS Exterior;Honda
BENCH25;Front Control Box;FCB1076;;4GB,64GB;;QC;;1436;;01 - IS Exterior;Honda
BENCH25;Amplifier;AMP529;;12;;dan0;;;;01 - IS Exterior;Honda
BENCH25;Most2Go;M2G39;;TBD;;?;;;;01 - IS Exterior;Honda
BENCH25;Roof Antenna;SFA133;;TBD;;?;;;;01 - IS Exterior;Honda
BENCH34;Speakers ID And Type:;NA22;9CM=2;TBD;;?;;;;01 - IS Exterior;Honda
BENCH25;Harness;TJBA000;;TBD;;?;;;;01 - IS Exterior;Honda
BENCH25;Mic;MIC017;;TBD;;?;;;;01 - IS Exterior;Honda
BENCH25;Center Display;CTRDSP689;;TBD;;dan0;;;;01 - IS Exterior;Honda
BENCH25;Remote Tuner;RT204;;TBD;;DV, TJBA;;;;01 - IS Exterior;Honda
BENCH25;Touchpad;TP68;;TBD;;DV, TJBA;;;;01 - IS Exterior;Honda
BENCH26;Amplifier;AMP541;;TBD;;dan0;;;;01 - IS Exterior;Honda
BENCH26;Mic;IMIC014;;TBD;;N/A;;;;01 - IS Exterior;Honda
BENCH26;Center Display;CTRDSP549;;TBD;;dan0;;;;01 - IS Exterior;Honda
BENCH26;Touchpad;TP48;;TBD;;DAN0;;;;01 - IS Exterior;Honda
BENCH26;Front control box;FCB455;;2GB,64GB;;DV, TJBA;;56000084;;01 - IS Exterior;Honda
BENCH26;Most2Go;AUS152000528;;TBD;;N/A;;;;01 - IS Exterior;Honda
BENCH27;Amplifier;AMP253;;16;;1S,TJBA;;;;01 - IS Exterior;Honda
BENCH27;Harness;26;;TBD;;?;;;;01 - IS Exterior;Honda
BENCH27;Most2Go;M2G44;;TBD;;?;;;;01 - IS Exterior;Honda
BENCH27;Speakers ID And Type:;SPKR9T018, SPKR9T027,SPKR9T068;;TBD;;?;;;;01 - IS Exterior;Honda
BENCH27;Mic;IMIC06;;TBD;;?;;;;01 - IS Exterior;Honda
BENCH27;Center Display;CTRDSP672;;TBD;;DAN0;;;;01 - IS Exterior;Honda
BENCH27;Meter;MTR388;;TBD;;dan0;;;;01 - IS Exterior;Honda
BENCH27;Touchpad;TP103;;TBD;;DV, TJBA;;;;01 - IS Exterior;Honda
BENCH27;Front control box;FCB963;;4GB,64GB;;dan0;;58000519;;01 - IS Exterior;Honda
BENCH28;Most2Go;M2G41;;TBD;;?;;;;01 - IS Exterior;Honda
BENCH28;Harness;MINI;;TBD;;?;;;;01 - IS Exterior;Honda
BENCH28;Center Display;CTRDSP747;;TBD;;dan1;;;;01 - IS Exterior;Honda
BENCH28;Touchpad;TP138;;TBD;;DV;;;;01 - IS Exterior;Honda
BENCH28;Front Control Box;FCB1077;;4GB,64GB;;QC;;1437;;01 - IS Exterior;Honda
BENCH29;Amplifier;AMP279;;12;;tjba,db;;;;01 - IS Exterior;Honda
BENCH29;Center Display;CTRDSP501;;TBD;;dan0;;;;01 - IS Exterior;Honda
BENCH29;Most2Go;M2G47;;TBD;;?;;;;01 - IS Exterior;Honda
BENCH29;Roof Antenna;SFA85;;TBD;;?;;;;01 - IS Exterior;Honda
BENCH38;Speakers ID And Type:;NA23;SPKR9T032 SPKR17CM025;;;?;;;;01 - IS Exterior;Honda
BENCH29;TCU;TCU263;;TBD;;?;;;;01 - IS Exterior;Honda
BENCH29;Remote Tuner;RT210;;TBD;;DV, TJBA;;;;01 - IS Exterior;Honda
BENCH29;Touchpad;TP37;;TBD;;TJBA;;;;01 - IS Exterior;Honda
BENCH29;Front control box;FCB899;;2GB,32GB;;dan0;;80000039;;01 - IS Exterior;Honda
BENCH29;AUXIN;NA47;;TBD;;?;;;;01 - IS Exterior;Honda
BENCH30;Steering Wheel Controls;AST176-CST4;;TBD;;?;;;;01 - IS Exterior;Honda
BENCH30;Amplifier;AMP538;;TBD;;dan0;;;;01 - IS Exterior;Honda
BENCH30;Center Display;CTRDSP544;;TBD;;dan0;;;;01 - IS Exterior;Honda
BENCH30;Harness;16;;TBD;;?;;;;01 - IS Exterior;Honda
BENCH30;Mocca;1602100192;;TBD;;?;;;;01 - IS Exterior;Honda
BENCH30;Roof Antenna;SFA002;;TBD;;?;;;;01 - IS Exterior;Honda
BENCH39;Speakers ID And Type:;NA24;SPKR17CM003, SPKR9T026, 031,;TBD;;?;;;;01 - IS Exterior;Honda
BENCH30;Mic;MIC022;;TBD;;?;;;;01 - IS Exterior;Honda
BENCH30;Meter;MTR481;;TBD;GP:  VP: ;dan0;;;;01 - IS Exterior;Honda
BENCH30;Remote Tuner;RT118;;TBD;;dan1;;;;01 - IS Exterior;Honda
BENCH30;Touchpad;TP129;;TBD;;TJBA;;;;01 - IS Exterior;Honda
BENCH30;Front control box;FCB951;;4GB,64GB;;dan0;;62000030;;01 - IS Exterior;Honda
BENCH30;HUD;HUD065;;N/A;;DAN0;;;;01 - IS Exterior;Honda
BENCH31;Center Display;CTRDSP548;;TBD;;dan0;;;;01 - IS Exterior;Honda
BENCH31;Most2Go;M2G53;;TBD;;?;;;;01 - IS Exterior;Honda
BENCH31;Touchpad;TP79;;TBD;;DV, TJBA;;;;01 - IS Exterior;Honda
BENCH31;Front Control Box;FCB741;;4GB,64GB;;dan0;;58000279;;01 - IS Exterior;Honda
BENCH32;Center Display;CTRDSP539;;TBD;;dan0;;;;01 - IS Exterior;Honda
BENCH32;Most2Go;M2G30;;TBD;;?;;;;01 - IS Exterior;Honda
BENCH32;Touchpad;TP133;;TBD;;DV;;;;01 - IS Exterior;Honda
BENCH32;Front control box;FCB750;;4GB,64GB;;dan0;;58000124;;01 - IS Exterior;Honda
BENCH33;Most2Go;M2G52;;TBD;;?;;;;01 - IS Exterior;Honda
BENCH33;Roof Antenna;SFA97;;TBD;;?;;;;01 - IS Exterior;Honda
BENCH33;Center Display;CTRDSP688;;TBD;;dan0;;;;01 - IS Exterior;Honda
BENCH33;Remote Tuner;RT512;;TBD;;dan0;;;;01 - IS Exterior;Honda
BENCH33;Touchpad;TP137;;TBD;;?;;;;01 - IS Exterior;Honda
BENCH33;Front control box;FCB898;;2GB,32GB;;dan0;;80000033;;01 - IS Exterior;Honda
BENCH34;Amplifier;AMP513;;TBD;;MP;;;;01 - IS Exterior;Honda
BENCH34;Center Display;CTRDSP535;;TBD;;dan0;;;;01 - IS Exterior;Honda
BENCH34;Harness;33;;TBD;;?;;;;01 - IS Exterior;Honda
BENCH34;Mic;MIC013, 025;;TBD;;?;;;;01 - IS Exterior;Honda
BENCH34;Roof Antenna;SFA228;;TBD;;?;;;;01 - IS Exterior;Honda
BENCH34;TCU;TCU212;;TBD;;QC;;;;01 - IS Exterior;Honda
BENCH42;Speakers ID And Type:;NA25;9CM=5,17CM=2,1185;TBD;;?;;;;01 - IS Exterior;Honda
BENCH34;Meter;MTR648;;TBD;;dan0;;;;01 - IS Exterior;Honda
BENCH34;Remote Tuner;RT378;;TBD;;dan0;;;;01 - IS Exterior;Honda
BENCH34;Touchpad;TP42;;TBD;;TJBA;;;;01 - IS Exterior;Honda
BENCH34;Front control box;FCB441;;2GB,32GB;;DV, TJBA;;53000009;;01 - IS Exterior;Honda
BENCH38;Front control box;FCB350;;2GB,64GB;;DV, TJBA;;47000026;;01 - IS Exterior;Honda
BENCH38;Amplifier;AMP531;;TBD;;dan0;;;;01 - IS Exterior;Honda
BENCH38;Center Display;CTRDSP545;;TBD;;dan0;;;;01 - IS Exterior;Honda
BENCH38;Harness;12;;TBD;;?;;;;01 - IS Exterior;Honda
BENCH38;Most2Go;M2G54;;TBD;;?;;;;01 - IS Exterior;Honda
BENCH38;Mic;MIC06,IMIC05;;TBD;;?;;;;01 - IS Exterior;Honda
BENCH43;Speakers ID And Type:;NA26;SPKR9T067,SPKR9T054,SPKR9T062,SPKR9CM004,17CMSINID;;;?;;;;01 - IS Exterior;Honda
BENCH38;Touchpad;TP34;;TBD;;TJBA;;;;01 - IS Exterior;Honda
BENCH39;Front control box;FCB432;;2GB,32GB;;DV, TJBA;;53000012;;01 - IS Exterior;Honda
BENCH39;Amplifier;AMP527;;16;HH.23.185.171.01;dan0;;;;01 - IS Exterior;Honda
BENCH39;Center Display;CTRDSP542;;TBD;;dan0;;;;01 - IS Exterior;Honda
BENCH39;Mocca;1608080559;;TBD;;?;;;;01 - IS Exterior;Honda
BENCH39;Roof Antenna;SFA120;;TBD;;?;;;;01 - IS Exterior;Honda
BENCH44;Speakers ID And Type:;NA27;17CM SIN ID,17CM SIN ID;TBD;;?;;;;01 - IS Exterior;Honda
BENCH39;TCU;TCU260;;TBD;;?;;;;01 - IS Exterior;Honda
BENCH39;Mic;IMIC11, IMIC21;;TBD;;?;;;;01 - IS Exterior;Honda
BENCH39;Vol Control;VOL033;;TBD;;?;;;;01 - IS Exterior;Honda
BENCH39;Meter;MTR644;;TBD;;dan0;;;;01 - IS Exterior;Honda
BENCH39;Remote Tuner;RT549;;TBD;;dan0;;;;01 - IS Exterior;Honda
BENCH39;Touchpad;TP112;;TBD;;?;;;;01 - IS Exterior;Honda
BENCH40;Front control box;FCB348;;2GB,64GB;;DV, TJBA;;47000029;;01 - IS Exterior;Honda
BENCH40;Amplifier;AMP425;;16;HH.23.185.171.01;dan0;;;;01 - IS Exterior;Honda
BENCH40;Center Display;CTRDSP532;;TBD;;dan0;;;;01 - IS Exterior;Honda
BENCH40;Mocca;1608080558;;TBD;;?;;;;01 - IS Exterior;Honda
BENCH40;Steering Wheel Controls;AST117-CST2-CSS005;;TBD;;?;;;;01 - IS Exterior;Honda
BENCH40;Harness;HARNESS022;;TJBA;;?;;;;01 - IS Exterior;Honda
BENCH40;Mic;MICOO9,008,020,022;;TBD;;?;;;;01 - IS Exterior;Honda
BENCH40;Roof Antenna;SFA105;;TBD;;?;;;;01 - IS Exterior;Honda
BENCH40;Speakers ID And Type:;SPKR17C015,9T007,9T025,9T040,9T036,TW004,TW005;;TBD;;?;;;;01 - IS Exterior;Honda
BENCH40;AUXIN;NA48;;TBD;;N/A;;;;01 - IS Exterior;Honda
BENCH40;Remote Tuner;RT195;;TBD;;DV, TJBA;;;;01 - IS Exterior;Honda
BENCH40;Meter;MTR640;;TBD;;dan0;;;;01 - IS Exterior;Honda
BENCH41;Center Display;CTRDSP666;;TBD;;dan0;;;;01 - IS Exterior;Honda
BENCH41;Most2Go;AUS152000525;;TBD;;?;;;;01 - IS Exterior;Honda
BENCH41;Remote Tuner;RT233;;TBD;;dan0;;;;01 - IS Exterior;Honda
BENCH41;Touchpad;TP78;;TBD;;DV, TJBA;;;;01 - IS Exterior;Honda
BENCH41;Front control box;FCB893;;2GB,32GB;;dan0;;80000021;;01 - IS Exterior;Honda
BENCH41;Roof Antenna;SFA98;;TBD;;MP;;;;01 - IS Exterior;Honda
BENCH42;Amplifier;AMP528;;TBD;;dan0;;;;01 - IS Exterior;Honda
BENCH42;Center Display;CTRDSP665;;TBD;;dan0;;;;01 - IS Exterior;Honda
BENCH42;Roof Antenna;SFA143;;TBD;;MP;;;;01 - IS Exterior;Honda
BENCH42;Hud;HUD067;;N/A;;?;;;;01 - IS Exterior;Honda
BENCH42;Mocca;1408150137;;TBD;;?;;;;01 - IS Exterior;Honda
BENCH42;Mic;IMIC23,IMIC24;;TBD;;?;;;;01 - IS Exterior;Honda
BENCH42;Steering Wheel Controls;CST184,AST385;;TBD;;?;;;;01 - IS Exterior;Honda
BENCH45;Speakers ID And Type:;NA28;9CM=3,17CM=2,8CM=2;TBD;;?;;;;01 - IS Exterior;Honda
BENCH42;Meter;MTR370;;TBD;;dan0;;;;01 - IS Exterior;Honda
BENCH42;Remote Tuner;RT536;;TBD;;dan0;;;;01 - IS Exterior;Honda
BENCH42;Touchpad;TP356;;TBD;;dan0;;;;01 - IS Exterior;Honda
BENCH42;Front control box;FCB161;;2GB,64GB;;dan0;;91000271;;01 - IS Exterior;Honda
BENCH43;Amplifier;AMP418;;16;;dan0;;;;01 - IS Exterior;Honda
BENCH43;Center Display;CTRDSP685;;TBD;;dan0;;;;01 - IS Exterior;Honda
BENCH43;Steering Wheel Controls;CST35,CSS003;;TBD;;?;;;;01 - IS Exterior;Honda
BENCH43;Hud;HUD075;;N/A;;DAN0;;;;01 - IS Exterior;Honda
BENCH43;Mic;IMIC09,IMIC08;;TBD;;?;;;;01 - IS Exterior;Honda
BENCH43;Roof Antenna;SFA86;;TBD;;MP;;;;01 - IS Exterior;Honda
BENCH46;Speakers ID And Type:;NA29;17CM SIN ID,17CM SIN ID,9CM,ARRAY;TBD;;?;;;;01 - IS Exterior;Honda
BENCH43;Meter;MTR675;;TBD;;dan0;;;;01 - IS Exterior;Honda
BENCH43;Remote Tuner;RT526;;TBD;;dan0;;;;01 - IS Exterior;Honda
BENCH43;Touchpad;TP384;;TBD;;DAN0;;;;01 - IS Exterior;Honda
BENCH43;Front control box;FCB617;;4GB,64GB;;dan0;;58000016;;01 - IS Exterior;Honda
BENCH44;Amplifier;AMP629;;7;;dan1;;;;01 - IS Exterior;Honda
BENCH44;Center Display;CTRDSP673;;TBD;;dan0;;;;01 - IS Exterior;Honda
BENCH47 VALIDATION;Speakers ID And Type:;NA30;17CM=1,9CM=2;TBD;;?;;;;01 - IS Exterior;Honda
BENCH44;Mic;IMIC03,IMIC01;;TBD;;?;;;;01 - IS Exterior;Honda
BENCH44;Roof Antenna;SFA167;;TBD;;MP;;;;01 - IS Exterior;Honda
BENCH44;Meter;MTR649;;TBD;;0x2;;;;01 - IS Exterior;Honda
BENCH44;Remote Tuner;RT527;;TBD;;dan0;;;;01 - IS Exterior;Honda
BENCH44;Touchpad;TP354;;TBD;;DAN0;;;;01 - IS Exterior;Honda
BENCH44;Front control box;FCB749;;2GB,64GB;;DAN0;;58000273;;01 - IS Exterior;Honda
BENCH45;Front control box;FCB900;;2GB,32GB;;dan0;;80000032;;01 - IS Exterior;Honda
BENCH45;Amplifier;AMP540;;TBD;;dan0;;;;01 - IS Exterior;Honda
BENCH45;Center Display;CTRDSP667;;TBD;;dan0;;;;01 - IS Exterior;Honda
BENCH48 VALIDATION;Speakers ID And Type:;NA31;17CM=2,9CM=2;TBD;;?;;;;01 - IS Exterior;Honda
BENCH45;Hud;HUD039;;N/A;;?;;;;01 - IS Exterior;Honda
BENCH45;Mic;IMIC02;;TBD;;?;;;;01 - IS Exterior;Honda
BENCH45;Roof Antenna;SFA137;;TBD;;MP;;;;01 - IS Exterior;Honda
BENCH45;Meter;MTR633;;TBD;;dan0;;;;01 - IS Exterior;Honda
BENCH45;Remote Tuner;RT126;;TBD;;dan1;;;;01 - IS Exterior;Honda
BENCH45;Touchpad;TP351;;TBD;;dan0;;;;01 - IS Exterior;Honda
BENCH46;Front control box;FCB452;;2GB,64GB;;DV, TJBA;;56000060;;01 - IS Exterior;Honda
BENCH46;Amplifier;AMP535;;TBD;;dan0;;;;01 - IS Exterior;Honda
BENCH46;Center Display;CTRDSP361;;TBD;;2S;;;;01 - IS Exterior;Honda
BENCH49;Speakers ID And Type:;NA32;9CM=4,17CM;TBD;;?;;;;01 - IS Exterior;Honda
BENCH46;Mocca;1602100127;;TBD;;?;;;;01 - IS Exterior;Honda
BENCH46;Mic;MIC019;;TBD;;?;;;;01 - IS Exterior;Honda
BENCH46;Roof Antenna;SFA162;;TBD;;?;;;;01 - IS Exterior;Honda
BENCH46;Meter;MTR643;;TBD;;dan0;;;;01 - IS Exterior;Honda
BENCH46;Remote Tuner;RT395;;TBD;;dan0;;;;01 - IS Exterior;Honda
BENCH46;AUXIN;JACK008;;TBD;;?;;;;01 - IS Exterior;Honda
BENCH46;Touchpad;TP361;;TBD;;DAN0;;;;01 - IS Exterior;Honda
BENCH47 VALIDATION;Amplifier;AMP545;;16;;dan;;;;01 - IS Exterior;Honda
BENCH47 VALIDATION;Center Display;CTRDSP687;;TBD;;dan0;;;;01 - IS Exterior;Honda
BENCH47 VALIDATION;Front control box;FCB159;;2GB,32GB;;dan0;;91000255;;01 - IS Exterior;Honda
BENCH47 VALIDATION;Roof Antenna;SFA142;;TBD;;?;;;;01 - IS Exterior;Honda
BENCH50 VALIDATION;Speakers ID And Type:;NA33;9CM=2,17CM;TBD;;?;;;;01 - IS Exterior;Honda
BENCH47 VALIDATION;Remote Tuner;RT564;;TBD;;dan0;;;;01 - IS Exterior;Honda
BENCH47 VALIDATION;Touchpad;TP355;;TBD;;?;;;;01 - IS Exterior;Honda
BENCH47 VALIDATION;Mic;IMIC12;;;;?;;;;01 - IS Exterior;Honda
BENCH47 VALIDATION;Steering Wheel Controls;AST431-CST210;;TBD;;?;;;;01 - IS Exterior;Honda
BENCH48 VALIDATION;Steering Wheel Controls;AST197-CST21-CSS01;;TBD;;?;;;;01 - IS Exterior;Honda
BENCH48 VALIDATION;Mocca;1608080458;;TBD;;?;;;;01 - IS Exterior;Honda
BENCH48 VALIDATION;Roof Antenna;SFA124;;TBD;;MP;;;;01 - IS Exterior;Honda
BENCH48 VALIDATION;Amplifier;AMP517;;16;;dan0;;;;01 - IS Exterior;Honda
BENCH48 VALIDATION;Remote Tuner;RT234;;TBD;;DV, TJBA;;;;01 - IS Exterior;Honda
BENCH48 VALIDATION;Center Display;CTRDSP683;;TBD;;dan0;;;;01 - IS Exterior;Honda
BENCH48 VALIDATION;Roof Antenna;SFA113;;TBD;;?;;;;01 - IS Exterior;Honda
BENCH48 VALIDATION;TCU;TCU257;;TBD;;?;;;;01 - IS Exterior;Honda
BENCH51 VALIDATION;Speakers ID And Type:;NA34;9CM=5,17CM,ARRAY=2;TBD;;?;;;;01 - IS Exterior;Honda
BENCH48 VALIDATION;Touchpad;TP132;;TBD;;?;;;;01 - IS Exterior;Honda
BENCH48 VALIDATION;Mic;IMIC22;;;;?;;;;01 - IS Exterior;Honda
BENCH48 VALIDATION;Front Control Box;FCB1090;;4GB,64GB;;QC;;1404;;01 - IS Exterior;Honda
BENCH49;Front control box;FCB407;;2GB,64GB;;DV, TJBA;;52000018;;01 - IS Exterior;Honda
BENCH49;Amplifier;AMP551;;16;;dan;;;;01 - IS Exterior;Honda
BENCH49;Center Display;CTRDSP656;;TBD;;dan0;;;;01 - IS Exterior;Honda
BENCH49;Mic;IMIC04;;TBD;;?;;;;01 - IS Exterior;Honda
BENCH49;Roof Antenna;SFA164;;TBD;;?;;;;01 - IS Exterior;Honda
BENCH52 VALIDATION;Speakers ID And Type:;NA35;9CM=6,17CM=2,ARRAY=2;TBD;;?;;;;01 - IS Exterior;Honda
BENCH49;Remote Tuner;RT550;;TBD;;dan0;;;;01 - IS Exterior;Honda
BENCH49;Touchpad;TP344;;TBD;;?;;;;01 - IS Exterior;Honda
BENCH49;Most2Go;M2G49;;TBD;;?;;;;01 - IS Exterior;Honda
BENCH50 VALIDATION;Amplifier;AMP534;;TBD;;dan0;;;;01 - IS Exterior;Honda
BENCH50 VALIDATION;Center Display;CTRDSP674;;TBD;;dan0;;;;01 - IS Exterior;Honda
BENCH50 VALIDATION;Roof Antenna;SFA114;;TBD;;?;;;;01 - IS Exterior;Honda
BENCH50 VALIDATION;Mic;MIC004;;TBD;;?;;;;01 - IS Exterior;Honda
BENCH54 VALIDATION;Speakers ID And Type:;NA36;9CM=3,17CM,ARRAY;TBD;;?;;;;01 - IS Exterior;Honda
BENCH50 VALIDATION;Meter;MTR670;;TBD;;dan1;;;;01 - IS Exterior;Honda
BENCH50 VALIDATION;Remote Tuner;RT289;;TBD;;dan0;;;;01 - IS Exterior;Honda
BENCH50 VALIDATION;Steering Wheel Controls;AST493-CST239;;TBD;;?;;;;01 - IS Exterior;Honda
BENCH50 VALIDATION;Touchpad;TP43;;TBD;;?;;;;01 - IS Exterior;Honda
BENCH50 VALIDATION;Front control box;FCB953;;2GB,64GB;;dan0;;65000020;;01 - IS Exterior;Honda
BENCH50 VALIDATION;Most2Go;AUS152000527;;TBD;;?;;;;01 - IS Exterior;Honda
BENCH51 VALIDATION;Camera RR wide;RC318;;TBD;;?;;;;01 - IS Exterior;Honda
BENCH51 VALIDATION;GPS Antenna ID:;GPS027;;TBD;;?;;;;01 - IS Exterior;Honda
BENCH51 VALIDATION;Roof Antenna;SFA237;;TBD;;?;;;;01 - IS Exterior;Honda
BENCH51 VALIDATION;Amplifier;AMP572;;;HH.23.185.194.01;dan1;;;;01 - IS Exterior;Honda
BENCH51 VALIDATION;HUD;HUD010;;N/A;A610;?;;;;01 - IS Exterior;Honda
BENCH51 VALIDATION;Mocca;1602100191;;TBD;;N/A;;;;01 - IS Exterior;Honda
BENCH51 VALIDATION;Steering Wheel Controls;AST238-CST90;;TBD;;?;;;;01 - IS Exterior;Honda
BENCH51 VALIDATION;Center Display;CTRDSP533;;TBD;;dan0;;;;01 - IS Exterior;Honda
BENCH51 VALIDATION;TCU;TCU364;;TBD;;?;;;;01 - IS Exterior;Honda
BENCH51 VALIDATION;AUXIN;NA49;;TBD;;?;;;;01 - IS Exterior;Honda
BENCH55 VALIDATION;Speakers ID And Type:;NA37;9CM=5,ARRAY=3,8CM=2,17CM=2;TBD;;?;;;;01 - IS Exterior;Honda
BENCH51 VALIDATION;Touchpad;TP49;;TBD;;DAN0;;;;01 - IS Exterior;Honda
BENCH51 VALIDATION;Front Control Box;FCB1093;;4GB,64GB;;QC;;1428;;01 - IS Exterior;Honda
BENCH51 VALIDATION;Meter;MTR440;;TBD;;dan0;;;;01 - IS Exterior;Honda
BENCH52 VALIDATION;Mic;MIC027;;TBD;;?;;;;01 - IS Exterior;Honda
BENCH52 VALIDATION;Amplifier;AMP444;;16C DAN0;;dan0;;;;01 - IS Exterior;Honda
BENCH52 VALIDATION;Mocca;1608080457;;TBD;;?;;;;01 - IS Exterior;Honda
BENCH52 VALIDATION;Steering Wheel Controls;AST306-CST78;;TBD;;?;;;;01 - IS Exterior;Honda
BENCH52 VALIDATION;Center Display;CTRDSP546;;TBD;;dan0;;;;01 - IS Exterior;Honda
BENCH52 VALIDATION;Meter;MTR455;;TBD;;dan0;;;;01 - IS Exterior;Honda
BENCH52 VALIDATION;Remote Tuner;RT377;;TBD;;dan0;;;;01 - IS Exterior;Honda
BENCH52 VALIDATION;Hud;HUD008;;N/A;;DAN0;;;;01 - IS Exterior;Honda
BENCH52 VALIDATION;Call Module;NA50;;TBD;;?;;;;01 - IS Exterior;Honda
STOCK;Speakers ID And Type:;NA38;17CM=29;TBD;;?;;;;01 - IS Exterior;Honda
BENCH52 VALIDATION;Touchpad;TP378;;TBD;;DAN0;;;;01 - IS Exterior;Honda
BENCH52 VALIDATION;Front Control Box;FCB1092;;4GB,64GB;;QC;;1423;;01 - IS Exterior;Honda
BENCH53 VALIDATION;Front control box;FCB602;;2GB,32GB;;dan0;;59000126;;01 - IS Exterior;Honda
BENCH53 VALIDATION;Most2Go;M2G33;;TBD;;?;;;;01 - IS Exterior;Honda
BENCH53 VALIDATION;Center Display;CTRDSP541;;TBD;;dan0;;;;01 - IS Exterior;Honda
BENCH53 VALIDATION;Touchpad;TP357;;TBD;;dan0;;;;01 - IS Exterior;Honda
BENCH54 VALIDATION;Camera RR wide;RC313;;TBD;;?;;;;01 - IS Exterior;Honda
BENCH54 VALIDATION;Mic;MIC026,IMIC10;;TBD;;?;;;;01 - IS Exterior;Honda
BENCH54 VALIDATION;Roof Antenna;SFA165;;TBD;;?;;;;01 - IS Exterior;Honda
BENCH54 VALIDATION;Hud;HUD064;;N/A;A610;?;;;;01 - IS Exterior;Honda
BENCH54 VALIDATION;Center Display;CTRDSP676;;TBD;;dan0;;;;01 - IS Exterior;Honda
BENCH54 VALIDATION;Meter;MTR647;;TBD;;dan0;;;;01 - IS Exterior;Honda
BENCH54 VALIDATION;Remote Tuner;RT394;;TBD;;dan0;;;;01 - IS Exterior;Honda
STOCK;Speakers ID And Type:;NA39;9CM=11;TBD;;?;;;;01 - IS Exterior;Honda
BENCH54 VALIDATION;Front Control Box;FCB1074;;4GB,64GB;;QC;;1429;;01 - IS Exterior;Honda
BENCH54 VALIDATION;Touchpad;TP26;;TBD;;TJBA;;;;01 - IS Exterior;Honda
BENCH55 VALIDATION;Front Control Box;FCB1089;;4GB,64GB;;QC;;1401;;01 - IS Exterior;Honda
BENCH55 VALIDATION;Roof Antenna;SFA298;;TBD;;?;;;;01 - IS Exterior;Honda
BENCH55 VALIDATION;Amplifier;AMP361;;TBD;;dan0;;;;01 - IS Exterior;Honda
BENCH55 VALIDATION;Steering Wheel Controls;AST291-CST83;;TBD;;?;;;;01 - IS Exterior;Honda
BENCH55 VALIDATION;Center Display;CTRDSP500;;TBD;;dan0;;;;01 - IS Exterior;Honda
BENCH55 VALIDATION;Meter;MTR438;;TBD;;dan0;;;;01 - IS Exterior;Honda
BENCH55 VALIDATION;Call Module;NA51;;TBD;;?;;;;01 - IS Exterior;Honda
BENCH55 VALIDATION;AUXIN;JACK007;;TBD;;?;;;;01 - IS Exterior;Honda
BENCH55 VALIDATION;Vol Control;NA52;;TBD;;?;;;;01 - IS Exterior;Honda
STOCK;Speakers ID And Type:;NA40;5CM(SPEAKER ARRAY)=8;TBD;;?;;;;01 - IS Exterior;Honda
BENCH55 VALIDATION;Steering Wheel Controls;AST440-CST219;;TBD;;?;;;;01 - IS Exterior;Honda
BENCH55 VALIDATION;Touchpad;TP121;;TBD;;DV;;;;01 - IS Exterior;Honda
BENCH56;Remote Tuner;RT563;;TBD;;dan0;;;;01 - IS Exterior;Honda
BENCH56;Front control box;FCB742;;2GB,64GB;;dan0;;58000128;;01 - IS Exterior;Honda
BENCH56;Most2Go;M2G50;;TBD;;?;;;;01 - IS Exterior;Honda
BENCH56;Center Display;CTRDSP675;;TBD;;dan0;;;;01 - IS Exterior;Honda
BENCH56;Roof Antenna;SFA80;;TBD;;MP;;;;01 - IS Exterior;Honda
BENCH56;Touchpad;TP130;;TBD;;DV;;;;01 - IS Exterior;Honda
BENCHLab2;Center Display;CTDRSP493;;3s;;dan0;PANASONIC;;;01 - IS Exterior;Honda
BENCHLab2;Harness;8;;TBD;;?;;;;01 - IS Exterior;Honda
BENCHLab2;Most2Go;M2G42;;TBD;;?;;;;01 - IS Exterior;Honda
BENCHLab2;Touchpad;TP75;;TBD;C809A461;DV, TJBA;;;;01 - IS Exterior;Honda
BENCHLab2;Roof Antenna;SFA106;;TBD;;MP;;;;01 - IS Exterior;Honda
BENCHLab2;Remote Tuner;RT543;;TBD;;dan0;;;;01 - IS Exterior;Honda
BENCHLab2;Front control box;FCB433;;2GB,32GB;;DV, TJBA;;53000016;;01 - IS Exterior;Honda
BENCHLab2;Amplifier;AMP421;;16;;dan0;;;;01 - IS Exterior;Honda
BENCHLab2;Center Display;CTRDSP663;;TBD;;dan0;;;;01 - IS Exterior;Honda
STOCK;Remote Tuner;RT376;;TBD;;dan0;missing;;;01 - IS Exterior;Honda
STOCK;Touchpad;TP221;;TBD;;?;missing;;;01 - IS Exterior;Honda
STOCK;Front Control Box;FCB914;;2GB,32GB;;dan0;broken;80000038;;01 - IS Exterior;Honda
STOCK;Amplifier;AMP526;;TBD;;dan0;MISSING;;;01 - IS Exterior;Honda
STOCK;Center Display;CTRDSP301;;TBD;;TJBA;PANASONIC;;;01 - IS Exterior;Honda
STOCK;Front Control Box;FCB426;;4GB,64GB;;DV, TJBA;broken;52000002;;01 - IS Exterior;Honda
STOCK;Center Display;CTRDSP661;;TBD;;dan0;MISSING;;;01 - IS Exterior;Honda
STOCK;Center Display;CTRDSP662;;TBD;;dan0;MISSING;;;01 - IS Exterior;Honda
STOCK;Most2Go;M2G46;;TBD;;?;;;;01 - IS Exterior;Honda
STOCK;Front control box;FCB436;;2GB,32GB;;DV, TJBA;;53000019;;01 - IS Exterior;Honda
STOCK;Front control box;FCB349;;2GB,64GB;;DV, TJBA;;47000018;;01 - IS Exterior;Honda
STOCK;Front Control Box;FCB1073;;4GB,64GB;;QC;;1498;;01 - IS Exterior;Honda
STOCK;Touchpad;TP374;;TBD;;DAN0;;;;01 - IS Exterior;Honda
STOCK;Front control box;FCB957;;4GB,64GB;;dan0;;62000032;;01 - IS Exterior;Honda
STOCK;Hud;HUD009;;N/A;;?;;;;01 - IS Exterior;Honda
STOCK;Steering Wheel Controls;AST429;;TBD;;?;;;;01 - IS Exterior;Honda
STOCK;HUD;HUD069;;N/A;;DAN0;;;;01 - IS Exterior;Honda
STOCK;Front Control Box;FCB1091;;4GB,64GB;;QC;;1407;;01 - IS Exterior;Honda
STOCK;Most2Go;AUS152000531;;TBD;;?;;;;01 - IS Exterior;Honda
STOCK;Meter;MTR645;;TBD;;dan0;;;;01 - IS Exterior;Honda
STOCK;Front Control Box;FCB1072;;4GB,64GB;;QC;;1496;;01 - IS Exterior;Honda
STOCK;Meter;MTR376;;TBD;GP:  VP: ;dan0;;;;01 - IS Exterior;Honda
STOCK;Front Control Box;FCB756;;4GB,64GB;;dan0;;58000285;;01 - IS Exterior;Honda
STOCK;Touchpad;TP147;;TBD;;TJBA;;;;01 - IS Exterior;Honda
STOCK;Front control box;FCB164;;2GB,64GB;;dan0;;91000204;;01 - IS Exterior;Honda
STOCK;Center Display;CTRDSP593;;TBD;;MP;;;;01 - IS Exterior;Honda
STOCK;Mocca;1602100142;;TBD;;?;;;;01 - IS Exterior;Honda
STOCK;Front Control Box;FCB1075;;4GB,64GB;;QC;;1431;;01 - IS Exterior;Honda
STOCK;Amplifier;AMP120;;THRA;;dan0;;;;01 - IS Exterior;Honda
STOCK;Front control box;FCB355;;2GB,64GB;;DV, TJBA;;47000016;;01 - IS Exterior;Honda
STOCK;Touchpad;TP373;;TBD;;DAN0;;;;01 - IS Exterior;Honda
STOCK;Front control box;FCB163;;2GB,32GB;;dan0;;91000288;;01 - IS Exterior;Honda
STOCK;Front control box;FCB358;;2GB,64GB;;DV, TJBA;;47000013;;01 - IS Exterior;Honda
STOCK;Most2Go;M2G55;;;;?;;;;01 - IS Exterior;Honda
STOCK;Front control box;FCB409;;4GB,64GB;;DV, TJBA;;52000004;;01 - IS Exterior;Honda
STOCK;Front control box;FCB429;;2GB,32GB;;DV, TJBA;;53000006;;01 - IS Exterior;Honda
STOCK;Front Control Box;FCB430;;2GB,32GB;;DV, TJBA;;53000007;;01 - IS Exterior;Honda
STOCK;Center Display;CTRDSP547;;TBD;;dan0;;;;01 - IS Exterior;Honda
STOCK;Touchpad;TP30;;TBD;;TJBA;;;;01 - IS Exterior;Honda
STOCK;Front control box;FCB431;;2GB,32GB;;DV, TJBA;;53000008;;01 - IS Exterior;Honda
STOCK;Touchpad;TP358;;TBD;C809A461;TJBA;;;;01 - IS Exterior;Honda
STOCK;Front control box;FCB442;;2GB,TBD;;DV, TJBA;;53000006;;01 - IS Exterior;Honda
STOCK;Front control box;FCB443;;2GB,32GB;;DV, TJBA;;53000011;;01 - IS Exterior;Honda
STOCK;Front Control Box;FCB456;;2GB,64GB;;DV, TJBA;;56000085;;01 - IS Exterior;Honda
STOCK;Touchpad;TP350;;TBD;;?;;;;01 - IS Exterior;Honda
STOCK;Front control box;FCB603;;2GB,32GB;;dan0;;59000112;;01 - IS Exterior;Honda
STOCK;Front control box;FCB662;;4GB,64GB;;dan0;;58000075;;01 - IS Exterior;Honda
STOCK;Touchpad;TP370;;TBD;;?;;;;01 - IS Exterior;Honda
STOCK;Amplifier;AMP229;;TBD;;1s,TJBA;;;;01 - IS Exterior;Honda
STOCK;Front control box;FCB744;;2GB,64GB;;DAN0;;58000127;;01 - IS Exterior;Honda
STOCK;Amplifier;AMP254;;11;;1S;;;;01 - IS Exterior;Honda
STOCK;Amplifier;AMP273;;11;;1S,TJBA,db;;;;01 - IS Exterior;Honda
STOCK;Amplifier;AMP257;;11;;1s,TJBA;;;;01 - IS Exterior;Honda
STOCK;Amplifier;AMP270;;11;;TJBA,db;;;;01 - IS Exterior;Honda
STOCK;Amplifier;AMP382;;9;;dan0;;;;01 - IS Exterior;Honda
STOCK;Amplifier;AMP230;;16;;1S, TJBA;;;;01 - IS Exterior;Honda
STOCK;Center Display;CTRDSP202;;IC4;;TJBA;;;;01 - IS Exterior;Honda
STOCK;Center Display;CTRDSP203;;IC4;;TJBA;;;;01 - IS Exterior;Honda
STOCK;Center Display;CTRDSP204;;IC4;;TJBA;;;;01 - IS Exterior;Honda
STOCK;Center Display;CTRDSP206;;IC4;;TJBA;;;;01 - IS Exterior;Honda
STOCK;Center Display;CTRDSP209;;IC4;;TJBA;;;;01 - IS Exterior;Honda
STOCK;Center Display;CTRDSP211;;IC4;;TJBA;;;;01 - IS Exterior;Honda
STOCK;Center Display;CTRDSP212;;IC4;;TJBA;;;;01 - IS Exterior;Honda
STOCK;Front Control Box;FCB892;;2GB,TBD;;dan0;;80000046;;01 - IS Exterior;Honda
STOCK;Center Display;CTRDSP215;;IC4;;TJBA;;;;01 - IS Exterior;Honda
STOCK;Center Display;CTRDSP216;;IC4;;TJBA;;;;01 - IS Exterior;Honda
STOCK;Center Display;CTRDSP217;;IC4;;TJBA;;;;01 - IS Exterior;Honda
STOCK;Center Display;CTRDSP219;;IC4;;TJBA;;;;01 - IS Exterior;Honda
STOCK;Center Display;CTRDSP229;;IC4;;TJBA;;;;01 - IS Exterior;Honda
STOCK;Center Display;CTRDSP231;;IC4;;TJBA;;;;01 - IS Exterior;Honda
STOCK;Center Display;CTRDSP233;;IC4;;TJBA;;;;01 - IS Exterior;Honda
STOCK;Center Display;CTRDSP234;;IC4;;TJBA;;;;01 - IS Exterior;Honda
STOCK;Center Display;CTRDSP236;;IC4;;TJBA;;;;01 - IS Exterior;Honda
STOCK;Center Display;CTRDSP245;;IC4;;TJBA;;;;01 - IS Exterior;Honda
STOCK;Center Display;CTRDSP246;;IC4;;TJBA;;;;01 - IS Exterior;Honda
STOCK;Center Display;CTRDSP287;;TBD;;TJBA;;;;01 - IS Exterior;Honda
STOCK;Center Display;CTRDSP291;;TBD;;1S, TJBA;;;;01 - IS Exterior;Honda
STOCK;Center Display;CTRDSP550;;TBD;;dan0;;;;01 - IS Exterior;Honda
STOCK;Front control box;FCB895;;2GB,32GB;;dan0;;80000020;;01 - IS Exterior;Honda
STOCK;Center Display;CTRDSP746;;TBD;;dan1;;;;01 - IS Exterior;Honda
STOCK;Center Display;CTRDSP292;;TBD;;1s,TJBA;;;;01 - IS Exterior;Honda
STOCK;GPS Antenna ID:;GPS37;;TBD;;?;;;;01 - IS Exterior;Honda
STOCK;GPS Antenna ID:;GPS47;;TBD;;?;;;;01 - IS Exterior;Honda
STOCK;GPS Antenna ID:;GPS26;;TBD;;?;;;;01 - IS Exterior;Honda
STOCK;GPS Antenna ID:;GPS40;;TBD;;?;;;;01 - IS Exterior;Honda
STOCK;GPS Antenna ID:;GPS38;;TBD;;?;;;;01 - IS Exterior;Honda
STOCK;HUD;HUD063;;N/A;;DAN0;;;;01 - IS Exterior;Honda
STOCK;HUD;HUD066;;N/A;;DAN0;;;;01 - IS Exterior;Honda
STOCK;HUD;HUD038;;N/A;;DAN0;;;;01 - IS Exterior;Honda
STOCK;HUD;HUD068;;N/A;;DAN0;;;;01 - IS Exterior;Honda
STOCK;HUD;HUD072;;N/A;;DAN0;;;;01 - IS Exterior;Honda
STOCK;Remote Tuner;RT393;;TBD;;dan0;MISSING;;;01 - IS Exterior;Honda
STOCK;HUD;HUD073;;N/A;;DAN0;;;;01 - IS Exterior;Honda
STOCK;HUD Switch;HUDADJ01;;;;?;;;;01 - IS Exterior;Honda
STOCK;HUD Switch;HUDADJ02;;;;?;;;;01 - IS Exterior;Honda
STOCK;HUD Switch;HUDADJ03;;;;?;;;;01 - IS Exterior;Honda
STOCK;HUD Switch;HUDADJ04;;;;?;;;;01 - IS Exterior;Honda
STOCK;HUD Switch;HUDADJ05;;;;?;;;;01 - IS Exterior;Honda
STOCK;HUD Switch;HUDADJ06;;;;?;;;;01 - IS Exterior;Honda
STOCK;HUD Switch;HUDADJ07;;;;?;;;;01 - IS Exterior;Honda
STOCK;HUD Switch;HUDADJ08;;;;?;;;;01 - IS Exterior;Honda
STOCK;HUD Switch;HUDADJ09;;;;?;;;;01 - IS Exterior;Honda
STOCK;HUD Switch;HUDADJ10;;;;?;;;;01 - IS Exterior;Honda
STOCK;HUD Switch;HUDADJ11;;;;?;;;;01 - IS Exterior;Honda
STOCK;HUD Switch;HUDADJ12;;;;?;;;;01 - IS Exterior;Honda
STOCK;HUD Switch;HUDADJ13;;;;?;;;;01 - IS Exterior;Honda
STOCK;HUD Switch;HUDADJ14;;;;?;;;;01 - IS Exterior;Honda
STOCK;Mic;IMIC19;;;;?;;;;01 - IS Exterior;Honda
STOCK;Touchpad;TP347;;TBD;;DAN0;MISSING;;;01 - IS Exterior;Honda
STOCK;Mic;IMIC16;;;;?;;;;01 - IS Exterior;Honda
STOCK;Mic;IMIC13;;;;?;;;;01 - IS Exterior;Honda
STOCK;Mocca;1608080557;;TBD;;N/A;;;;01 - IS Exterior;Honda
STOCK;Most2Go;AUS152000532;;TBD;;N/A;;;;01 - IS Exterior;Honda
STOCK;Most2Go;AUS152000524;;TBD;;?;;;;01 - IS Exterior;Honda
STOCK;Most2Go;AUS152000383;;TBD;;?;;;;01 - IS Exterior;Honda
STOCK;Remote Tuner;RT479;;TBD;;dan0;;;;01 - IS Exterior;Honda
STOCK;Remote Tuner;RT480;;TBD;;dan0;;;;01 - IS Exterior;Honda
STOCK;Remote Tuner;RT492;;TBD;;dan0;;;;01 - IS Exterior;Honda
STOCK;Speakers ID And Type:;NA41;8CM=6;TBD;;?;;;;01 - IS Exterior;Honda
BENCH01;Most2Go;NA42;;TBD;;?;;;;01 - IS Exterior;Honda
BENCH15;Most2Go;NA43;;TBD;;?;;;;01 - IS Exterior;Honda
STOCK;Speakers ID And Type:;SUBWOOFER=6;;TBD;;?;;;;01 - IS Exterior;Honda
STOCK;Front control box;NA53;;TBD;;DAN0;broken;;;01 - IS Exterior;Honda
STOCK;Front control box;NA54;;TBD;;?;NO FUNCIONA;;;01 - IS Exterior;Honda
STOCK;Front control box;FCB451;;TBD;;DV, TJBA;broken;56000014;;01 - IS Exterior;Honda
BENCH19;Touchpad;NA44;;TBD;;DV;;;;01 - IS Exterior;Honda
STOCK;TCU;TCU128;;;;?;;;;01 - IS Exterior;Honda
STOCK;TCU;TCU264;;;;?;;;;01 - IS Exterior;Honda
STOCK;Touchpad;TP367;;TBD;;DV;MISSING;;;01 - IS Exterior;Honda
STOCK;Touchpad;TP055S;;TBD;;DAN0;;;;01 - IS Exterior;Honda
STOCK;Touchpad;TP135;;TBD;;DAN0;;;;01 - IS Exterior;Honda
STOCK;Front control box;FCB162;;TBD;;dan0;NO FUNCIONA;;;01 - IS Exterior;Honda
STOCK;Touchpad;TP154;;TBD;;DAN0;;;;01 - IS Exterior;Honda
STOCK;Touchpad;TP27;;TBD;;TJBA;MISSING;;;01 - IS Exterior;Honda
STOCK;Touchpad;TP345;;TBD;;DAN0;;;;01 - IS Exterior;Honda
STOCK;Touchpad;TP352;;TBD;;dan0;;;;01 - IS Exterior;Honda
STOCK;Touchpad;TP346;;TBD;;DAN0;MISSING;;;01 - IS Exterior;Honda
STOCK;Touchpad;TP359;;TBD;;DAN0;;;;01 - IS Exterior;Honda
STOCK;Touchpad;TP362;;TBD;;DAN0;;;;01 - IS Exterior;Honda
STOCK;Remote Tuner;RT496;;TBD;;dan0;;;;01 - IS Exterior;Honda
STOCK;Mocca;1608080560;;TBD;;N/A;;;;01 - IS Exterior;Honda
STOCK;Most2Go;AUS152000529;;TBD;;?;;;;01 - IS Exterior;Honda
STOCK;Most2Go;AUS152000426;;TBD;;?;;;;01 - IS Exterior;Honda
STOCK;Most2Go;AUS152000526;;TBD;;?;;;;01 - IS Exterior;Honda
STOCK;TCU;TCU227;;TBD;;?;;;;01 - IS Exterior;Honda
STOCK;Front Control Box;FCB950;;2GB,32GB;;dan0;;59000100;;01 - IS Exterior;Honda
STOCK;Front control box;FCB955;;2GB,32GB;;dan0,crash;;62000029;;01 - IS Exterior;Honda
STOCK;Remote Tuner;RT522;;TBD;;dan0;;;;01 - IS Exterior;Honda
STOCK;Remote Tuner;RT537;;TBD;;dan0;;;;01 - IS Exterior;Honda
STOCK;Remote Tuner;RT224;;TBD;;dan0;;;;01 - IS Exterior;Honda
STOCK;Most2Go;M2G43;;TBD;;?;;;;01 - IS Exterior;Honda
STOCK;Mic;MIC14;;TBD;;?;;;;01 - IS Exterior;Honda
STOCK;Touchpad;TP41;;TBD;;?;;;;01 - IS Exterior;Honda
STOCK;Most2Go;AUS152000533;;TBD;;?;;;;01 - IS Exterior;Honda
STOCK;Touchpad;TP45;;TBD;;TJBA;;;;01 - IS Exterior;Honda
STOCK;Touchpad;TP140;;TBD;;DV;;;;01 - IS Exterior;Honda
STOCK;Touchpad;TP151;;TBD;;DV;;;;01 - IS Exterior;Honda
STOCK;Remote Tuner;RT221;;TBD;;dan0;;;;01 - IS Exterior;Honda
STOCK;Touchpad;TP366;;TBD;;DAN0;MISSING;;;01 - IS Exterior;Honda
STOCK;Remote Tuner;RT544;;TBD;;dan0;MISSING;;;01 - IS Exterior;Honda
STOCK;Touchpad;TP61;;TBD;;TJBA;BOX;;;01 - IS Exterior;Honda
